0,1,2,3
-0.01853090945135697,0.01501584011585074,-0.07887894309986877,0.4383307320027268
3.0282777502235545,0.2213423382744147,1.4574846915139263,-0.3826096417308294
0.04613858455947322,0.801093408498361,-0.5584265526246847,-0.21965058559514808
-0.15818260818244778,-1.1617044153937977,0.6088719937163671,0.5256775124015056
0.3456219179043274,-0.16297722995522154,1.9006617807906256,1.3117549445049732
-0.1011263732076052,0.765989555197117,-0.2927618956819696,-1.1924297390768823
-1.0643581904201556,-1.3728231954719725,-0.676728218397676,-0.0861580964149774
-0.8135783154325715,1.9952060655652657,-2.908843786739042,1.0189499613205968
0.642608701548004,-1.5461284271849596,-0.7830146540359698,-0.1690918742587809
-0.49845060811947645,0.7690728425213944,0.021569284839252766,-1.2092279021949552
0.9447714085327572,-1.273306168725474,-0.918118829143453,0.3783057466897144
0.9088254866061488,0.8562874833957396,-0.10999804074757685,-0.9964982740610856
-0.2673388974458071,-0.7028109760713596,-0.9613761223240896,0.17987606266241896
-1.1114876410842964,1.8855719983403891,0.979834134233626,0.7574769612609983
-0.4330536962479274,-0.6496449166286633,-0.42353646862995925,-1.4893360736567842
0.28472313405358995,-1.0456673690607317,-1.7052301635812077,1.2815808903739616
0.5502783555055093,-0.21505289838682418,0.13618253723044468,-0.1016872466498417
0.8938282863014043,-0.2698498541927361,-1.2464138952058426,0.28659683604195124
-1.405602493656842,0.2883071438363419,1.0472479545979456,0.3673121227184954
-0.8685328678548361,2.0585470923609135,0.6810403908513384,1.3042998767350946
-1.3413400091797614,0.9014280244929193,-0.2159386316710472,-0.08331534325710888
2.164799707539749,0.19907405318598087,0.7659225279380175,-1.026485426914628
0.905822792342683,0.6494514152043046,-0.47027056651960036,-1.3787397739619338
-0.5099635544146167,0.23700029964141126,0.3838709787610367,-0.42871004636500143
-0.32640423984326494,0.18152905673924571,-2.363741183376003,1.3956618557628235
0.39515280621843824,1.3951526855286003,-1.8854095376143583,0.13197014914355915
0.4094879438574965,0.7149838196627062,-0.8857197235275397,2.081331334302373
-0.6952798990209064,1.2101670350989548,-1.2620985875708752,-0.053376166643890034
1.110309087197226,-1.7792261153787245,1.5302203950707232,-1.0729248883705895
-0.23805380687483707,-0.043371367358039654,0.046700909465785256,0.5788324720795591
-3.2107410319964047,0.24110904910821365,0.47270712312315116,1.0337614948686675
-0.13207387382146424,0.7107838633462161,-0.15973810303098038,-1.0731542829342315
-2.5781939676841277,-0.21398817245871,1.4806036428998495,-0.7974613310834604
0.2987598731504583,0.44930236195348383,1.7188076850457417,0.048719743058806206
0.3324209193611021,-0.4970951434705506,-0.8693539729925275,0.8362978067237785
0.8564365622179918,-0.28221022997987294,0.3411048553187964,-0.19297780690462252
-0.10256281303784201,-0.22842523443328766,-3.0462847697314808,-0.9362983597880954
0.3921424563840721,-0.5465146941930219,-0.45832826292159556,-0.9596084237890767
-0.2397683262286975,-0.39400969990467044,0.1897799113121518,-0.6946443386813215
-2.519955427995461,-0.6398801877636184,1.7657649454833686,-0.6491173241470376
0.6433321914583504,0.2735738621701118,-0.3014503155068212,1.072653687342776
0.4892808887340291,-0.04041211134097561,-1.4335853822634492,0.9056817962692054
-0.10136036884050857,-0.5317310277729094,0.2419710381879949,0.33151304970923995
-1.217814198612168,-0.16917295570456187,0.24695173336101908,-1.5411322550073223
-1.4704923724642747,-0.132770412344257,-0.35977817161936243,0.6558165722395666
-0.861164287715725,-1.0675703545555724,-2.0708922540473984,0.08363887656511453
1.8470886605569237,0.8686070637622423,-0.4218217001482855,0.6624282647938559
-0.5150233907757303,0.14714451920396976,-0.5888206692747829,1.420116478632659
0.07117778726528995,1.1213050704902288,0.5513583882696672,1.0148021307988209
-1.8409841597110232,-0.0875500585978855,0.12610237143999964,2.176372964122491
0.2940138509837518,-0.9180484396320626,-0.09763475915574621,-1.3691851284989072
-1.4807718095431885,0.10042546160401622,1.0089594367671142,0.3951698577800901
-0.11038355552913137,-0.7921451369685801,0.0786691987649232,-1.7074601747992029
-0.04925108571023773,0.2602623098871237,0.744986067641636,-1.0867355537111703
-1.27708333985486,-0.10462812588600796,0.7391546166081604,-1.0873959052743094
-0.6338870049872645,-0.8453116878147579,-1.3259016531131773,1.403618291411314
-0.7112336648257344,2.1557486804620254,1.0478075875366388,1.8631914481417622
-0.9366691689026528,0.12294366691542889,-0.6889773940435531,-1.0660434259262481
-1.639687927049407,-0.31801197627910877,0.21595386633990885,-2.744385531638998
-0.8770307963377785,-0.5790109339119793,0.01721880337716271,-0.3684525783542567
-0.5790420012040566,-1.5519442036789124,0.9519732082291344,1.3534526224153909
-0.46037192294290763,-0.8069178791358764,-1.9392764203222674,-0.8404641937155881
1.9516339569469676,0.9557145279721906,1.635409771068009,0.9422725648436353
1.2346815775514683,-0.430065706733792,-2.0360964508531127,-0.3553049543857351
-1.6323500244779838,0.19333349898184873,0.41326613450198574,0.5760711935910378
-2.0494929477344215,-0.1525705187573133,0.11713787415399128,1.4442620447742993
0.0025145526639363414,-0.878719297260345,1.885609631736243,-0.6251148758889861
0.3479330521018558,0.7828465834627973,-0.5634916326013761,0.8249209083678773
0.482446175545657,-0.8964833316908543,0.7639004377984835,1.0246293767188719
-0.7594192045912336,0.05582148892590884,0.11659984011060016,1.2167893265702097
0.8589103581899229,0.22128480280446444,-0.15519813910280156,-0.4163931998624454
0.629328007444635,0.2988432557883425,-1.4201921039406804,-0.6780452836116232
0.09566957547948335,0.5184467165013117,1.7034914051813752,-0.14531107850734246
-2.327121377409786,0.6410309146327253,0.12442924941786611,0.2561233908321657
0.0037489038777772086,2.3847776919754438,0.8577025651594657,-0.9077295228338494
-0.3177125926332467,1.3505100018829832,0.48959557965473227,1.148137762934183
-0.8963260563541505,0.6920023163222452,1.5804570659308719,0.08490113115339991
-1.8954642955419367,-0.1561424304004784,0.8651171701326874,0.7832448427124061
-0.38488976537104114,-0.29774968446353683,-0.8515428964380856,0.5683251914416247
-1.8156917937863584,-0.5051741504992205,-3.38714817385822,-0.07694411047294183
-1.3774711037377902,-0.20520089309236755,-1.251726212933161,0.1842750637648382
1.3929695041418728,-1.4975364754494813,0.7981736973610036,-1.5310485238148646
-0.27291558450102044,-0.0729562473580394,1.0157432836443303,-1.0797544379925337
0.041515236282024616,2.5582847329699967,-1.2328724803390914,-1.6187803958699725
1.4941045351284108,-1.8480539566071974,0.448668237604847,-0.1808960155195844
-0.16509073559534657,1.2108433027762762,0.6973357925270641,0.21675871455025544
-0.5685856050299264,1.186156507028285,-0.30725847074079454,-0.4625204834097879
1.0183689214751237,-0.6850484091941748,-0.5788061311107057,-0.581634612653393
0.31115017150580765,1.6308041670456264,-0.02895128036409933,-0.09870021826136302
2.1494073402638207,0.5541916908829602,0.32590314757567757,0.23326111736279503
0.084351096376521,0.6254099984997237,-0.3576373676455092,1.421014942064825
0.17370389704965059,-0.4487392819092051,-0.5644836020329694,0.2652008056511928
-0.8552129195478682,1.3671653509721193,0.8292695470350958,0.9462536353436352
-1.2657384660848225,-0.6284329505352068,1.913129559423563,-0.8272042310663451
1.0998034018025276,0.0246469350766234,-0.12632423933077494,0.05784391195308604
-0.43173737449112076,-0.3058989047160375,0.930946812231398,0.7423984837276336
-1.0459033997320377,1.5922465564690622,1.4732968019023642,-0.8239262971820064
0.7593800314749101,0.8332573073118147,0.4455202353532648,0.3036466414788401
2.0313989878195158,0.04137800600053264,-0.8114383633515493,-0.35150824441670436
-0.3546999486365529,-0.9664950699584461,-0.35378689319352885,1.4322709808794856
0.06805750853223023,0.002562467351213988,-1.2544719000163207,-0.26601331368967546
-0.7592009595725752,1.3126041038556877,-0.6261076126618784,1.8962521146470628
-0.02187060341965076,0.12145365881390288,-1.8965210561514276,-0.9332714990737004
2.122090300265517,0.0923056877153967,1.039417831683975,1.4561807769146593
1.7245051189002092,-2.3460538471949848,1.0842800461301345,1.3474430936171558
-0.3833967199137219,0.38548883044854504,-0.8712279633457111,0.744466862392349
0.6059649688473907,-1.1177658733595321,-1.207788069940353,1.6265034301954395
-1.1904276200820914,1.6147468979196247,0.3595267166033157,0.8651866754284702
-0.6760713600315807,-1.113820498515808,-0.44177753451770874,0.9446341411875054
0.153259801808618,1.0887064094266001,-1.48810713395926,0.17067142158030785
0.9140201131400587,0.5215733095028735,0.3906975891496942,0.17030326674903778
-0.7306476128503111,-0.6083249572433367,-0.1122960662561367,1.6505112381499545
0.033714933508966004,-1.1087234483762496,0.8277592861760461,0.8932758875730064
-0.22913074279600393,-0.08716426763845517,0.03533281998737782,-1.2717657642450029
-1.5005963094390633,-1.4432884654659077,0.8755501882563727,-0.9348855702275156
2.0353190753797223,0.7949620016196025,1.525869918095672,1.112372742499928
-0.4209783053528648,0.2052599488921766,0.09493266948993007,1.1773007445381292
-0.2519296011787405,0.2468301630904404,-0.1918317760876643,0.36155337058391657
1.2425798862977018,0.8217541087340006,0.48822071781537213,1.9095618582577463
0.2152367433896444,0.6759523727272522,0.4509002105687546,0.6077591552132176
0.6127716676830738,-0.09366759923874068,0.7016804060134294,-1.315631028139396
2.0944422936221927,1.9603630338839506,-0.43737965117778566,2.0070471549706994
0.14299461215717055,-0.35407612208057954,1.2095147729076203,0.5449950614860563
-0.9117130757224576,-0.38758196612641965,-2.434577318660859,-0.9110931737253124
0.14561087560150995,0.9076170069931387,1.2487677603832947,-1.0251617582401291
0.094520825211235,-1.9405351399563515,0.013931279311288243,0.8540062037969943
1.3285504919074778,-0.7510540495563818,0.5309034669026634,-0.12651223740559703
-1.5294272231567865,-1.8112636127627881,1.3697893056151693,-1.5241906906035516
-1.267166608068144,-0.867012865780226,0.8598092792889022,-1.3785386466452132
-1.0444025194996014,0.8983317443893475,1.1352749077150004,-0.08303025934588218
0.1252573300080449,-0.49923146320565387,-0.8030521822285741,-0.477053243659213
0.45817479831467356,-0.6968176515456086,0.6554284291460085,0.5195615870636172
-0.6855369894524372,0.5565600552083194,-1.300825066065505,0.028764414116473434
-0.7222040422500016,-0.7698231819625221,-1.8360753124449756,-1.7295335037283135
0.8786342842306397,0.8160037916544686,-0.5108569423127248,0.6951652140427469
1.6293502938733284,-1.5856693515307072,-1.1896857683182542,0.870275706661068
-1.2724566981756902,0.3411587435389608,-0.48682356031844565,0.2852129560256466
1.3745040782014604,1.7744369580423314,-1.597167018512249,0.4604059365165535
0.41993235504067766,0.21929095289253503,-0.26764196437390353,-0.8784505551151718
0.7621071309534607,-1.9360524104090244,0.30083912249071176,0.9545422769179639
1.3712099069997208,0.31255842289242947,0.296841850367387,0.6511105995534586
-0.31433304417869945,0.7265009434994274,1.8502155468015002,1.0663105988617443
1.0659138669027701,-1.143651547017791,0.2999932585599761,0.8966290680722507
0.16290415669176767,0.4596568069353309,0.11547346397153066,-0.44932540828677614
0.4317560018586689,-1.0914422217886393,-0.30174875429542236,-0.13211991294124306
0.1017810161889483,-0.44101394261630916,0.06552923454318395,0.5522475486717957
-0.2084569865525312,-1.1877644841010704,0.23322269784261745,0.7132289285527164
0.6490800090072144,-0.34105092844749224,-1.667039973691707,2.2286906386985663
-1.489449787542483,1.0275363903888521,1.6306344896650957,1.3700297630514504
-1.3527718452461386,-0.5071376428414248,-1.027280380294319,-1.6238846259981947
-0.23483345111162673,0.576836798828971,-0.6015447996774903,-0.25038350376905494
-0.24084334714305397,-1.5292264795723325,-0.6393686724706604,0.05390408338739997
-1.177694439233083,0.978366254251874,0.8928357598756128,-0.16573772289678215
0.648580860152214,0.22238686594273022,1.7531923210722353,1.8076905932557
0.4873023199203312,-0.09417045679106383,0.5083132495409156,-0.23277531420748643
-0.4493836017478531,-0.19929776352669934,0.42626636506318183,-0.3089740573228051
1.2836070514376685,1.106305133618727,0.3338033700853845,0.0642349303022911
1.6485336883738182,0.43923388801207713,1.0928497019355115,1.7652002061427008
0.3197011968117484,-0.3296342300703607,1.1943296127549117,-1.4224682183325843
-1.7984134349920988,2.920460702800554,0.4577429657862259,-1.1767075686651627
-1.2242265191465591,1.115519837410394,-1.3622418620988075,0.55800497700579
0.9537379757071694,0.9599806403879202,1.5141816234520067,-0.4860510893706252
0.0168587296627026,0.46528367294208045,-0.16916940835188493,-1.552991164707644
0.6967480885978209,-0.03241842174053607,-0.11546590946482514,-1.4724360690721339
-1.1037826408096998,-0.3232451147474073,0.6930860177807144,1.1513985712179302
0.18408479382107654,-0.4626312379459504,0.8862351707140709,-0.47655548043956364
1.0600621676346185,0.6099994788272718,-1.7516561132171427,0.890640643802021
-0.5795877074966588,0.3253445595643177,-0.6194318306215668,0.005141210034617532
-1.1418587933946447,1.089754659554692,-1.2103107439487684,-0.4742693905166263
0.7105676530131044,0.8035095481417367,-1.0632141011765504,-0.5562571160221593
0.22385280790046597,-0.25302529571305044,-0.960141067219419,-0.5996917832143854
-0.35191096745901573,-0.45885403978520095,0.6126964518525964,1.1434030226083332
0.466644151076053,-0.1620941099230553,0.13502763891414993,1.2127322124112434
-2.144878633239966,-2.026687377265699,0.4264589920687893,0.1575759321353807
-1.336796573628521,1.0738658387134294,-0.0046349137732103795,0.033767970637443294
0.8089583428617212,-0.29901478227466033,-1.1014430338127479,-2.3702894601097197
-0.7738319286185033,0.8642093993634448,-1.319372789032651,0.3304504109350311
1.646297986338714,-0.5507337869610435,0.40497179463728006,1.2186340708548498
-0.48883276640949586,-0.6242813577868889,-1.5796640926727674,1.6808024353484974
0.3529207813240053,0.21542163277844123,-0.5591923345820121,-1.3151914229301909
-0.11202398625377606,0.20330852774633323,-0.39652893427365316,-0.8284239385572142
-0.4031297276649929,-0.1646205948004236,-0.29950467782445994,-0.22264316602093664
-1.1620398600398318,0.4469446853861201,0.9824771180906848,0.5278190107351767
0.10030321975832553,-0.34117997748662615,-0.23184381855923086,1.8400499286618952
-1.591778484515232,-2.455162182325142,-0.3768293184978049,-1.815622181457945
-0.04850258863316034,-0.18534870139685433,0.49266207367131043,-0.6456522476210553
0.20721361809307226,-1.8204860562545895,0.37757286303411974,1.1846642105012248
-0.606766754459939,0.5279467527371003,-1.6556891739696913,0.5976623590764797
-0.002581513244731732,0.3091791054795113,-0.8673469878511479,-1.6540838626785637
-0.988782265285596,-1.2890624511299509,0.2293979619729684,-0.30534264524562127
1.8346895602909559,0.40154775102307577,-0.17734883229703452,1.8871053618081342
-1.08496178801413,1.4462377509523174,-0.7959210218502939,-0.3838105607820107
-0.8895765352772974,1.964910046298618,-0.013694393626506228,-0.7185784886431446
1.1560880450538273,0.7124783913558416,0.3484850890120003,-0.9508021082576352
-1.4108485163275226,-0.9907656599479872,-0.8548042611155288,0.17189972506804915
0.14057249451456005,2.1039069842430913,-0.22008757059401746,1.284161011850449
1.2984767788390472,-0.4506999435565729,-0.6723711282991323,-0.13660667532048995
-1.745976204267429,1.5487356955796034,-0.40179718532087066,1.4646742650645967
-0.8222667744662353,-1.1291580159152825,0.3265851686246899,-2.551625825061335
0.49653351365235127,0.16407251993122784,0.6688058458380646,0.23867306206574035
-1.5145633627455952,-0.8218276744525106,-0.4400788635418836,1.2496621575898843
1.479778878638736,-0.20805493758328486,-1.90740549764134,-1.7983494048577129
1.025004367784682,-0.8662710509118068,0.6310349958275124,-0.5800429293341702
-0.7248885042319279,1.577733351716398,0.35561295942021937,0.09305278005105987
-2.080806869982899,-0.6737917317255278,-0.12896278507935754,1.1931650878503177
-1.1015150977237596,-0.5083871873057166,-1.4444307934451115,0.8209091363633965
1.5009963699846118,0.30191888275999285,0.39690675415410065,1.1677950163217137
-0.22115184742946048,0.557806046507942,-2.3028437864786326,1.38830915803378
0.9927272886049836,0.5463458496068758,-1.1450927903346568,-0.05935525816633219
0.8371868774549479,-0.2262335962210007,1.648904915397716,0.5546777603117369
-0.07049449199001392,-0.5638848595644084,0.6585528703899226,1.7552024103816573
-0.5157813259012656,0.432942453571399,-1.130734663910871,-0.46410726169446204
-0.24976219500561675,0.4235041874229352,-1.8721917631636626,0.22735753694390334
-2.0243742956927058,0.7576250050560736,0.8318136658336832,-1.421342974107444
-0.8296639713001076,0.8389028828362495,0.6343637816428418,0.4146388877613036
0.9736418893863416,-0.9114049867336114,-0.09838105230216167,0.5620456537010968
-0.36961090853444284,0.7176090906690782,2.021436035661108,-0.03948290833601184
0.3829168685146127,0.4173426463493491,0.3372775898567871,-0.9553743003681366
-0.6489455657977988,-0.8227429462506812,-0.10678980917787365,-0.25660434351342676
1.2841262894173386,-0.14551907353913324,-0.08925983796089448,-0.3569301404056259
-0.1525088277375498,-0.22100832749178786,-1.8287104730791512,-0.26155310514416846
-0.4590415767029748,1.386453858591867,0.046187907611794685,0.14940877898853228
0.668597168203157,1.354148138775139,-0.12956879667137583,-0.5543872236366036
-0.10137248790879261,-0.9066706803483715,-0.14215746459094084,-0.7158162223931137
0.5430674534332763,-0.03997776071349415,-0.2824374093202297,-0.26137919485721556
0.3412632379154359,-0.8864173245111249,1.8075675986830875,0.2874183284409051
0.6564179386601099,-0.5675188701230593,-1.3336106252810918,0.03213967622323879
0.3446332344313058,-0.12510547695512447,-1.468726469456065,-2.286088346412957
-0.3344113362709482,0.7887659888538356,-1.0878598299652058,-0.6909209014667642
0.05606159021742281,-1.6078131049441726,-0.8815604157130941,-0.5727932597005434
-1.5480896525617207,0.41193656618403923,-1.1040080888053097,0.2035040091040362
-1.136203433094167,1.0455063864340632,0.18363902709180877,0.01908194213039761
1.2530080693266656,2.248399112516734,0.7413980620129891,-0.8510621347348619
1.2078500996510038,-0.154401117689038,1.1858437118452745,0.600168809490628
0.12400132629827003,0.8768394175851693,-0.17373006417077705,2.401470499264327
1.2120906546008021,-0.39578334788005703,1.963400029639737,0.506387671359143
0.1318160539069589,-0.8658179739208557,0.8082893805321337,0.15189597840795688
0.15075543721023277,0.8905194202288724,0.39978571583855016,-1.1016235391376714
0.6073616256023031,1.7409422189713148,-1.3730972151796634,2.0019684494446364
-0.27270722098808414,0.8931037429254249,-0.488098602627255,0.41598786881628935
-1.2742242990254407,0.8697786510419838,-0.5511684589359461,0.17511757107119072
-0.8460243471279492,-0.6825747118171842,-0.35789449779499916,1.223462827318263
-0.4531932071625588,-0.9416439452749388,-0.11888471667377541,-1.5377152129690357
-0.6084357779378586,2.4465600824850324,1.9673967056385246,-0.07343940390737762
1.3861674449928052,0.6926026061279186,-0.3397130010288371,0.09660842975805717
1.1446240499859544,-0.5775944331961006,-1.133125489836824,-0.3009411358463318
-0.022512553296207265,0.6171357984833009,-1.0941727049975989,0.03430623521590319
0.566536640785155,-0.5356514100462058,-0.4567504568639372,-1.6670534492254128
-0.3315745123877694,-0.323111506509552,0.30500412673571703,0.001657312057514946
0.18191021461476567,0.8869829457991629,1.8461906242688488,0.8893830284479244
-0.8606642632289137,-0.218164342252202,-0.06548800936667262,1.576621562520533
-1.2102836780881967,-1.0931930542536878,-1.3914718899209348,1.0512778793354112
0.8167810801635972,0.004551960017002442,-0.10069271289070941,0.6112061602425813
0.5051515583162105,-0.1588992102419211,-0.4216331499975267,0.14877852442984388
1.1500367592605254,0.28434948302303237,-0.24261935137367047,-1.7503018179731713
0.27143476858812515,-0.21104147645928822,2.3405039039497426,0.6005931579524938
0.6375160618465199,0.14862215114849822,1.736623780252677,0.3692440441340375
0.3390521327820559,0.6537662361945833,0.1903391809327839,1.4288600420305786
-0.6232728216444043,1.5084331297857663,0.8073362617934874,0.21743353768709195
0.2089382917544646,0.5071609569351739,-0.7388030871372889,0.8413277976802125
-0.6017630063365528,-0.08379276740540574,0.04012075046564056,1.170951117466325
-0.9230324904661394,0.828603592430926,1.6557480731630307,0.2775878875933072
-1.729141385055167,-0.4568152306955086,1.008365761743272,2.7321146535396714
1.6422527628814318,0.6717293593662769,0.9718809816843149,0.8301504952383465
1.2619805404808146,0.8138310315221965,0.5257957908632728,-0.8443694703131495
0.015277868995757404,-1.1682967967862998,-0.005453169646890764,-0.8386608269364167
-0.18721340938376654,0.053276468555468935,-0.5893230815964713,0.6948326600184108
0.6871747916882998,-0.9285755373791761,-1.4902761004736313,0.5476828636236157
0.9182445488023706,0.39493696166508824,-0.9924978523935964,1.5187081390251207
1.2028019007914483,-0.4878979492214485,-1.3452123329241579,1.0869902235909465
1.5782209719697033,0.542658175022639,0.07286249111906998,-0.23975343760541432
1.1046893132974145,0.5106138748905785,-0.08411028861603474,0.3628099739685585
0.7793087421027994,-0.2161228267933161,1.7153887337369014,-1.4122650115024078
-0.6816560079890688,-2.317309384413282,-0.9946433065055309,-1.5283451074732897
-0.09225755962232063,0.2609971313599972,2.0343652562789507,0.8711091128383771
-0.8513348190732022,1.3167547456362776,-1.3961298512137994,-0.21602408995794284
-0.44472373235626306,-0.3652637425371613,0.5706568715331078,-0.003565630997003721
-1.1103136148127999,-0.2914587371332495,-0.7615344766976578,1.1951506678579695
-1.985631316757975,-0.5387630253761079,-0.33873813714357454,-1.3423067074082198
0.5675940080782005,-0.3794037347880942,1.2610103213820054,-0.3729677414905985
-0.45638292686202186,-0.3877893741199169,0.07022938753674898,-0.8712102082739592
-0.1914195769364331,-0.5147630961063238,1.9779069315078472,0.0532855251505588
-1.3269101997540202,-0.8919630193558645,-0.2814646838161414,0.6339264383341264
0.12930389244022344,2.437285613211667,-0.5550368500232107,-0.42437364367158786
-0.8770818683965818,0.008144146242680683,0.1988052987278162,0.752506439922609
0.9480375459050876,0.06022132688828474,0.7104230997998535,-0.25794282008635067
-0.013215842899146341,0.0782386477904395,0.7600532392621414,-0.10990627134533516
1.7733096774220012,1.3587756679211456,0.4250164921104238,1.343892220113521
-0.9137539824583122,-0.42696984983017994,0.4316820348906367,-0.7684519987545432
0.8777967407440916,-0.21403847022319003,0.8574281468904691,-0.08359111148363267
2.809100560346245,-0.7184197773042228,0.07950042234688788,0.6105829506910232
-1.3065703315935664,-0.050587156262646246,-1.146411166988764,0.01928406707183699
1.5216436543170115,-0.34368557492740254,-0.7170843520380106,0.49146829040461515
0.0051937625090493,0.3476960083396357,-0.3330500739989681,0.9099130872526352
-1.046793970468511,-0.2246723407227928,-0.2497120086171794,-1.5582139837067819
-1.2619969620392983,-1.1634224356123724,1.3887480896423425,-0.6627484820458877
1.142387881628899,-0.1297227906863857,-0.7616666670218234,0.4738525958529577
1.3291484072271547,-1.650168390573225,0.019541232538611685,0.4438881188287156
0.3454593620446018,0.2110817203753305,-0.05028350710749653,-1.6507928697869436
-0.6353278203722864,-0.006050576966272957,0.3598718025785995,1.3307222581012834
0.4311548036310482,-1.4172360231491252,0.5678456935235723,-0.39743669397366466
1.2378661687217092,-1.8577700220634668,0.4837356416674215,1.1813047968655541
1.6213065399429838,-0.8482715917290183,1.1578918790220327,-1.4354075926024934
0.997471299037501,-1.7919482597274516,1.663405871475245,0.7518834899161617
0.8901432930092888,1.527841333335043,1.2780036537709727,1.0526348600496354
-0.6369071953647751,-1.737357902492831,-0.9478710228073141,-1.1830455768203176
-1.1452101868521103,-0.9133162830188413,0.41987535546947513,0.966312649443551
1.8431570335309366,1.1960809819197118,-0.6609168006926822,0.10765655790879876
-0.6336578196516955,-0.020220958708614196,0.12559340435170133,1.535559875545313
-0.10707895145047634,0.26072436887922995,0.36380734608559634,-0.2690720214172198
0.27681048757991367,-0.48340599022930447,-1.1894722910857216,1.218395936515591
-0.1594192910067735,-0.5165044565616494,-1.2717797707871419,-0.3037493171035792
0.5000669127290859,-1.2074488555467582,-0.39929873306130304,-1.148550554491989
0.5605071853406438,0.6693341029656927,0.7164880351888145,-1.113638521865849
-0.7483986567477714,0.19770903824388794,-0.3893351425127342,0.5082574160107249
-1.219580396917476,0.9334724417225438,-0.6075039470471792,0.24920840702422192
-0.07865404153535112,-0.34776988543961396,0.9294167057390961,-0.2788178577981241
0.14873714195584484,-0.14352410096609444,0.14485604779014732,-1.7712657803014829
-0.7136716375838068,1.545964320905292,0.5263507553405289,1.3014893500116913
-1.0133317528302597,1.1296485805186125,-0.11689528040816263,0.7350133132983412
-2.034918836386481,-0.07122930518482375,1.8415497062831483,1.7163816015660418
0.8437551287533003,0.3844178052581918,1.0562092929591311,0.15369318865043644
1.3471480240094305,0.5258215338613684,-1.4136966437214444,-0.40895534157452773
0.6685874803877371,0.4290927279101088,-0.08772317273247572,-1.230723799002837
2.0646251864104617,0.9311747220604111,-0.8099013806265878,0.7416545733839033
-0.06786691455768419,2.3456093433206906,-1.0252254416654512,0.469433038296036
0.8904413441963466,-0.10718770164746903,-0.22739920162558894,1.7879843534052808
-1.2222150133043723,-0.39936692713969757,1.4549278845915938,-0.13561768854993872
-1.3721011650534103,-0.6035365866969498,-0.6534041072997954,0.8719127576678292
1.550595007211563,-1.3604125358801675,0.9051546384726711,0.1331421497735115
0.5877522201304001,-0.19902108829685194,1.2983033402485527,0.7945888718769782
1.7924887778105205,0.37355294880857276,-1.7276061817737114,0.12100884335059033
-0.9592804002730174,0.5972340243885312,1.1193872331508856,0.5274782240327157
-0.7751381683138088,-0.33884985656551936,0.7733889818673518,-0.24591650004411952
0.2607716148462079,-0.9824010334530292,-0.5496145163074163,1.4426831360724595
0.2834948018264985,-0.3058229679326538,0.09727325774563045,-1.8418717940308325
1.2251557135951128,-0.7256167684454901,0.26140421077000225,0.01949730714645602
1.7007776833048518,-0.3614367943080097,-0.5724036828297094,-0.8994134206280953
-0.945707201771943,-0.7581467597881733,0.2754104126607555,-0.13685061703569812
-2.102990498036947,0.05165970841154237,1.0369473848327906,-0.8938889990416635
0.851077124292431,0.749424566797038,-0.5329057880721114,1.2936776755582813
0.45322426374789127,0.02201604617867169,-0.5172568998726613,-0.4723964423064888
-0.40576010656033695,-1.6240323581351566,-0.06231384359519253,0.6722822692702156
1.0786537620414298,-0.09375294249171802,-0.6130530308658028,-0.29258751395655674
-0.04953539378554557,0.19932613546430816,-0.2530783706999723,0.9031435798448658
-0.3655945450788128,0.3804703318096163,0.4453074237107828,0.04804093327093577
0.32761414141755796,0.28613373903006567,-0.8129340375053675,0.5972492726616913
-0.47301419492205343,-0.37102498698427416,1.3516602143706753,0.37594844506603736
-0.3671812071182469,0.39438154944544,0.9623331889654086,-0.6669630457493386
0.9038933138149929,0.4241801159211328,0.8513239688319223,-1.0780029207839728
-1.9328765399499894,-0.425174667752654,-1.7286488577521386,1.000453820613829
0.6536872677733483,-0.5607103729087933,0.2873292426039822,-1.2039827546151554
1.6396923100070269,0.496520864967403,0.5538923711783591,0.1742790316432715
-1.3100432550353578,0.10649082261331863,0.3799984603545096,0.03677956568883293
1.774537359504894,0.6974069287564378,0.5371701880854572,-0.7346508710706798
0.7818573547345574,-1.3768458682697613,-1.75899153122985,0.19922097696432342
-0.9786044511806399,-0.83888670007252,-0.7311867314110936,0.7308978592864844
-0.19212742942468278,0.8599604083720683,0.8278720722040906,0.41933601925268676
-1.005796074802742,-0.24296905929738147,-1.9186066019637664,0.03655957174859883
-0.16429904246993363,-0.8542408062307076,-1.1929376353725805,0.2051751713912384
0.6849799047680024,-0.0813526758678426,0.01703923949823178,-0.04149469674544191
-0.5431648488986518,0.9804376154712903,-1.06007622484779,-0.7793626836067976
0.9510128238954623,-0.6292681220789142,0.4927853784616378,-0.8573677520979952
0.7619624182796229,-0.9040837121228832,-0.08935008230022376,-0.18004563166666038
0.3750841317243367,-0.27786378863861233,-0.0009072096381178394,0.13943376837129076
-0.6073489685818637,1.1593855111564977,0.8822397884549847,0.3150162284367076
0.5292967982029182,0.16103406314049504,0.8833140150974411,0.4208200811486626
0.6190366936698303,-0.39072743177717534,0.0773598225794153,0.2863332956085129
0.3564511277937717,-1.604079722776839,-0.05686093665270594,1.3962199928078398
1.2908693234999051,0.12175943773940089,1.2954226196769791,-0.5037512331472058
-0.2817833930932335,0.7606580871576507,-0.4711601064473133,-1.1670908830527105
-0.7778827665923984,-1.0617554864890406,0.6684625477834784,2.2566031715600867
0.38932141906251494,-0.21508639392748694,-1.039960960052125,-0.28484976891101305
-0.5131486031307029,-1.1276341680503679,-0.06412099230922935,0.14693508546982828
-0.3591091211340923,0.5792025001599082,-0.0989786156857424,-0.2283950433573067
1.1438505144540343,0.7504179863141436,-0.3141265011921621,0.9363115065776783
-0.8367406170752679,-0.7820370017086714,-0.34849446779364734,0.5760217292490492
2.833608419709672,-1.1526418864810888,-1.0960020982793721,-1.1010976964925339
-0.32525242837285295,-1.1819941131939755,-0.20191725316402942,1.2989701730275611
0.5190400853304865,-1.2482579655856798,-0.9304501605135598,-0.7177874562224223
0.5497758861735627,-1.222854296129901,1.3798464794646195,-1.194965368305679
0.794465895408946,-0.8755765109186963,0.8169829052065053,0.6318477828503063
-1.6693506048680724,1.4022584061839085,-0.566121734209619,-0.40546131910178096
-0.22221977841962998,-1.3569791111787786,-0.8582085449690124,0.0628064609306762
-1.6273841430669946,-1.2030837109175045,-0.259756760158482,-1.421502188219411
-0.03971828345660451,-1.0377728957131989,1.291339280998322,-0.2037109248893492
0.5124380550137779,-0.47620523602997955,0.20614270796808046,-1.9199878687899754
0.1573842704137015,-0.8867189722100617,0.18585070493228173,-0.8350524102711175
-1.8778607029037326,-0.6649816000045479,-0.008032033675852519,-0.0852554669511599
-1.8070280288328764,0.7645613796304698,-0.11930214327195801,-0.9963642029283061
-1.9556313415552824,-0.0037656990260051828,1.2653395618871788,0.20739959557425605
1.5801055876083527,-0.5357293248269105,-1.5356293168990445,-1.1546785432417943
0.011612166145723649,-0.7954202465799592,-1.3720803543722813,-0.16906889657565932
1.8596066355168166,-0.49588607218296676,-1.4351921463260031,-0.4820189032135214
-0.41972664591021985,1.181788581386717,-1.3397005745587796,-0.6728319952384548
-0.5347678691702014,-0.9731780952453357,-2.765881355023165,-0.10394895296465163
-1.332225497542683,-0.8802809579405149,0.7826396387886182,0.4156339517004697
-0.03469983429109017,-0.23199774158038297,0.23399644944105621,0.5371859236387256
0.40565549551035274,0.416529721857137,1.12749679376803,0.8545962614312865
0.4761702156696087,0.09729323443129913,-0.29282910526839295,-1.6434109910836403
0.6959673763593857,0.6006346952285249,-0.3973587369278873,0.3496888318583629
-0.6392059290424332,-0.5574696338434332,-0.5555448891855355,-0.48095802287537665
0.8830693622581314,-0.09574245659590853,0.5115881055466145,0.328441005389535
-0.02041494560680557,-0.39284843135361835,-0.4879931081641455,0.8303010421343616
-0.40901370781321766,-0.23726696216366636,1.4229460661153246,0.3655377993638737
1.3761193597997854,1.9507713749649729,-1.4409916787102688,-0.03721922555546953
-0.23567294375611086,0.342411352763597,0.0982761234435131,-1.3050953374795338
-0.6882517365132033,-0.3012673526157012,-2.4633991884035096,-0.27735812505378626
1.5881433353087924,0.3084959832374253,-0.6952808677577303,-1.1012767552799618
-0.8568199724541233,-0.3289341564177265,1.339974086245708,0.21317957762790732
-0.01978101055937188,0.40654407397599834,0.337479987863164,0.2195748711036343
-0.5785361438710184,0.13141719140310698,0.05287079781690806,0.6088424111619826
0.5113143705797963,0.9214528501101287,1.8045367308997946,0.9249593342448785
-0.20520409806597142,0.6761626706029102,1.2068535906495976,0.029987261911089347
0.3869621864383121,-1.1009881372213859,0.7134748983004873,-2.126369542384361
0.04632280035877167,0.9096383744661554,1.0920926211202002,-0.6872780575846491
0.8689087668904512,2.2909389846424135,-0.4559760485386417,1.0422995200238758
0.10112745832569078,0.8329962445182056,-1.0125836269615365,-0.8639462446552005
0.595685739964983,-0.7789442552597199,-1.56262918892715,-0.43548876999016334
0.7031795935651382,-0.5996690094230258,0.5761646113325887,-2.141517746623992
1.618893744924422,0.004435360037793284,1.331705167502072,1.1509894586302394
-0.9799570427958995,-0.5335322812726967,-0.016223089100408164,-0.44743609197274803
-0.14685046007610247,0.505235916001327,-1.8493855391855858,-0.8874896300767287
-1.3743582649525126,-0.39107358575705325,-1.1050796649290198,0.9277054995455696
-0.45581048419800146,-1.0610018721210575,-1.2028163154906464,1.397031671349255
0.25057528336881135,0.4972010459471998,-0.0982059248479225,-1.6671210309434612
-1.1625922287438955,0.22194380936712776,0.06881941612580064,-0.5570532067884514
-0.43143312560437985,-0.3258434402788154,0.28885326190759886,-0.04325258140618852
-0.9358211405661723,-0.2992386000595123,-0.37161274590561677,-0.6333698427527954
0.7448698391189934,1.6977649112717328,-1.3893060439001843,1.5244440877688377
0.6480043693633829,-0.1845624049428655,-1.0346980084551851,-0.8116583447219851
-0.06452263006874139,0.6552591365267663,-0.18606638103617326,-1.16769315902005
0.38585683081514677,-2.0949230310077045,-0.1362418040735057,1.7753077763906393
-0.33463953269420554,2.4112312366868105,2.232217194669985,0.6818246636395507
-0.895647861854931,-0.04283443993491246,1.7247719831961048,0.8684305032305388
0.18556677886821762,-0.9276624887274618,1.4617715786814787,0.09314999688937639
-0.040415254172600494,0.7872874183910272,-0.047492717063317605,1.7114675636574734
-1.0564639866414685,0.7847942143315876,0.9915244066367294,0.287712494969027
0.2495003236555791,0.9479094352720562,-1.796548961217965,1.2521748237266137
0.569496159446197,-0.9597299288461997,-0.2862656586275175,-1.072205354279776
-1.9016784709593577,0.4813717916286434,0.08833257788940083,-0.2262311445364237
-0.6804441224063131,0.24848967301105981,-0.6901141784901051,-0.8608373712372206
-1.7485334220425783,-2.0743389603583826,0.7890724474567038,-0.7877523125536167
-0.22044036693550986,2.5145088339148765,1.161811820021352,0.011702765516390476
0.5463763787257615,0.28800549597901715,1.3383582776764806,0.8648035194179133
-0.3078766044789488,0.08485041169656693,0.8889790611437324,0.22094324942227894
0.5853800962599606,1.0005105499205345,1.0022982536800171,-0.2541000279747686
-0.37149409165427594,-0.17709574771950679,-0.45881448237013944,-0.45445712421536244
-0.38063912471341566,-1.1411376289651862,-1.211221780530602,0.24526036391233852
0.2754385850988968,0.0606171892857803,0.5289917141622364,-2.017473422099778
-1.363969301070882,-0.766785297719746,0.5723828003589069,-0.5348340438279994
-0.7505729819512591,1.1828488250340305,-0.8530661902056564,0.9652732810775807
0.5235301324951014,1.0065411755029534,1.9390748969999871,-1.5111889400048997
0.13997011690899203,-1.9692857522009755,-1.0322932047558562,0.7701740976756526
0.2570156663443118,-1.752103104481603,0.24568249475312012,0.6999686191836925
-0.6642438141647075,-1.1973640467883782,1.6411855500543329,1.5335894646023622
0.2280982816914903,0.9987186302059557,-0.9897562034724033,0.9729595518187693
-1.2015544368962228,0.21627302388957056,0.15140148376847934,-1.1163045114811705
2.423647969410818,-0.45200562501164576,-0.3519059866091026,-0.3614663649537542
-0.6381724113338098,0.7269661790209961,1.1195320149421444,-1.188837818788324
0.9625542937038936,-0.09444178620841316,0.3321268960132469,0.7610103119582379
0.9614617221559512,0.8594443337421063,-0.1742600292685178,1.315176776723121
0.9318097406892927,-1.0240101640284445,0.3269800078029143,-0.8710964119043694
1.396304553359185,1.5967134596249688,0.3995949515491857,-1.2257934073992278
-0.08539346538628541,0.18974443787710912,-0.20475467512903017,-0.4853384333580988
0.4867943149377713,-0.3584033843973103,0.19446314479103985,-1.7332207968855298
0.8020938582367546,1.3414129966430024,-1.5776504951399193,0.2943773457681398
-0.429694945546516,-0.27671818201832094,-0.7534292442588016,-1.951604724229263
-1.2024908340759797,1.7705162190484005,0.9539383124695373,1.6621408830763875
1.524991540628812,1.070219136059545,0.6958529866965897,-0.20312641862411415
1.3125580964580343,0.6469446738035215,-0.6122415962775213,-0.41622530913843636
1.377402923056985,0.6157829705252068,-1.077598930226127,-0.667989962941468
0.8731176434114948,-1.3422994105123194,-0.004496751565663989,-0.36154327758922855
0.04579193134456217,0.5067018348237561,-0.4361064733357407,-1.2964948755234245
0.7278766784405001,0.09759831284201162,0.15854255068888332,-0.2480804412391641
-0.32696342685154195,-0.30085041773954135,1.6847766246132199,0.5696487223368517
-0.2587439979133861,-0.6929819639202495,-1.34349645098212,0.8813634692170916
-2.126022516663977,-0.33386590104393954,-0.28631261172670613,0.9297129151277416
-1.3448972745272771,-0.1310450143684743,0.22827503888519432,1.595191145296056
0.17790389208799545,1.295708362044769,1.2910944740972796,-0.08148268457262678
0.6359211952277718,1.89913992637209,-0.3826655189645005,-0.09360477270493227
1.2944345100708374,-1.8988374183826997,-0.691505523774283,-0.3000638241513799
-0.7467317739836121,0.04067732183063266,-0.3623968134766728,-0.5880804212844126
-1.1308339047795253,0.12629396904689477,0.7798394687016186,-0.2925267177068118
-1.2645343474277715,-1.448725530448296,-0.9700811203990227,0.32467247836362284
0.46404290452282204,-0.480786443195949,0.8013185549030926,-0.7011761209690593
1.7986700877368826,-1.5157167052737157,0.7145204241470045,0.8848210774676963
0.49049222428525086,0.24162254434502647,0.86291202729257,-1.8075100606970167
0.3841396408791952,0.685029349807121,-1.0653054158744413,-0.6903972410235981
-1.1933250845997414,0.9616115881801764,-2.5979724694015904,-1.3805138528877152
-1.7675919758037828,-0.4102411994745291,1.3487051191369663,0.2830593497929988
1.9279139514681838,-0.7633943115731747,-0.23288466962717494,0.29807351433630924
0.8328790970141459,-0.804243360759005,-0.9519927808553946,0.3420635954480325
0.5403652069475776,-0.11067571721265552,0.6281400208473363,-0.27814314278738533
0.3344545013210774,-0.12215120335135253,-0.4187848799708672,-3.5649735571807275
0.22309068200643925,0.6747056227703235,0.4508276868792478,-1.1769533356780564
0.37053311428761093,-0.35219743857925595,-1.1008931476948058,0.07548417637766905
0.23323269099623498,-1.216101712450736,-2.007939428165309,-0.6195526495943828
0.13285600646261944,-1.0312365599479347,-0.11036452733964891,-1.608523914053834
-0.02557654726997827,-0.014709726848631439,0.0610934357132384,-1.3064034564972686
1.3301203631914085,-1.0602852271582373,-0.07595884053193652,0.6947772605712798
0.9538017506853095,2.156687270067269,0.30761521198048486,0.2685564910968414
-1.622878145343913,0.5502552874830181,2.5849540370174116,-0.4678975926025837
1.103409629796423,1.2267188315718134,1.4223405572879209,0.41422947311589625
0.31328106032004377,-0.373180880503603,0.6180393039785401,-1.0342856010060006
-0.7815274945486053,2.409560492889129,0.18298393244145406,0.3817721750537498
1.0140525244702574,-0.7155692258164386,-0.6396370838425537,-1.0628059301300317
0.6944922716552984,-0.7099443421741619,-0.7962631609119515,-0.6478365443596589
-1.1435768312442498,0.8383358805649866,0.37984418564476674,1.2071689077542396
0.33113170849919854,0.049170348155084725,-0.5469656704059552,-0.30578464855331966
-1.568895163332317,0.9739260712808258,-0.5932029326049115,-1.3108038184063049
-1.2300050593672909,1.9862424013662539,0.8587827438894584,0.29632892067655614
-1.2945129034724436,-0.9949668800129583,-2.115165389375448,0.07985640907404036
-1.2849480337019727,-1.3748193984007446,-0.9329718774342116,-1.3347361629427261
-0.7146911452468971,-0.9205439637979489,1.6839297043574224,0.8105208695196259
0.2008638988435569,0.12930266728776282,0.31684632177464045,0.3048027882858505
0.6279817363574411,-0.11298261383211175,0.5268741520245157,-1.1301348179126895
-0.15837692403656842,-0.8465630229497552,0.5099639768157133,-0.819194559758958
0.2792430411215526,-1.1844729058161807,0.477500264517536,-0.30105312502352793
-0.12833491642950395,-0.7844763573821445,0.30217905245467475,1.1968001875238443
1.6494663055729606,-1.5043193617111563,-0.2662245972052122,-0.3190114377057205
0.6148446204194309,0.6514705178645136,-1.492993796164314,-0.2214498295851027
1.0804651218524133,-0.913351011235131,-1.6747064864103636,0.027952941704599287
-2.498771504402861,-1.589515296601241,0.927746304038732,1.1907873146639953
-0.26991102360933944,-1.0880055973950615,-0.9853361360031082,0.257585797237342
1.0461559898909298,2.838186310625334,-0.38391007975621183,0.929773972245947
0.50124587903802,-0.7953692434538953,-0.8815051046915306,-0.4848539957679828
-0.2625240414853744,1.7808072709983358,-0.11633246050694489,1.5009751292343168
-0.8038701574730805,-0.003014125872870145,-0.21367228877712988,0.5352079223170104
-1.571784640525482,0.5585026969923934,-0.005890659232935903,0.7850701654025294
0.6400849071359322,0.17758362583396314,-2.52567217540757,0.13167314899563937
0.32097144276915357,-2.4779821317219475,0.9136691264071048,-0.21422242579152584
-1.8294123077431774,-1.5004602638337476,-0.4272251681811078,-0.1294539059283411
0.7201867056098892,0.8293852376462493,-0.11397072286147256,1.714163237940464
-0.21363334440826737,0.7935477631795823,-0.19390390692785242,-1.3170661222646298
0.0575909459845435,0.8831304071460166,1.8342891205865357,-0.07193502912998605
-0.09910997376073778,0.28680805412545163,-0.6491479740688516,-2.124312528386528
0.91449410221618,-0.4774671369494224,-0.6424398310622601,-0.4009564465597057
-1.2098523986284422,0.3785804062764797,-1.0948106544561353,-1.4042363995902316
1.0581027921278061,-0.73239134539336,1.2071045321427163,0.790623631302912
0.707498373517497,-0.009370486647372332,-0.07405462860715507,-0.7105564501753115
0.7511863350843739,-0.8772331324329082,-1.6779624315551125,-0.5034421408958176
0.6221267611469948,-0.060914719100189134,1.2401637918478081,-0.09548229557377293
-1.1888035373821841,1.8396693586566673,0.8820048528317025,0.8537367473719445
-0.8201463615520374,0.20404132079460002,2.530648778593312,1.004389193577244
0.9728669816264307,0.6595313485842605,-0.5600940334076069,-1.685299448900328
0.9913679971179653,0.12662019334709335,1.7957340263900243,2.028519744928283
0.17475427441876917,0.32036434678744113,-0.3419657656460351,0.25632059762908443
1.4933712713872724,0.6969773981954014,1.0164650144289342,-0.37750871441392864
2.0050481157057973,-1.0262214791649316,1.312278263651056,0.7705755261098585
1.3436769015171117,-2.2857287960924246,0.32049160212719213,-0.7444164059045507
-0.6526169362712336,-0.11579728445566922,-1.053922797378701,0.8371052021104022
-1.3106011068316723,-0.625119648240047,-0.5834305147306043,-0.007786242360471871
-1.6272093486301542,-0.27455770713793937,2.5637599282488956,0.6685777952421004
-0.36113335783829775,-1.7545742983678663,-1.292986743679379,-0.576913342367916
2.777908399411952,1.1832343588920817,0.12216721589967272,0.6390378093575374
0.7844882026520283,-2.309155284479368,-1.2394883450000251,-1.2921143006379072
-0.01682036251941608,0.37656131422517386,-0.45862304322768466,1.132009039092281
0.5158598815335641,-1.171433573587438,2.61642008118307,0.031931359530114806
1.082888825241509,-0.573576191088494,-0.30790464951366525,-1.229363969233162
0.8025536681925031,0.9328284486503436,-0.2686165048893541,0.30216893253973803
0.43289078905751516,-0.5920443176134593,0.19693155623744824,-0.9901010331831239
0.33684301423523505,1.8048718314863859,-1.2878988115530692,-0.6627942760471762
-1.8570883555714706,-0.6182787061981943,-0.7900650865808131,-0.38086174266904915
0.9024279181106655,1.3290658036316512,-0.2727502361842915,-0.13839107579158083
-0.05754096326566387,-1.031903300771745,-0.34915350325720257,-0.9474435881719823
-1.5420048961110775,-0.6696961427475829,-0.8785646347985001,1.1405807622627877
0.9039387783023417,0.9146309179839417,-1.6382932488802835,1.2480632252252584
0.2324229327458233,0.8361196827474475,-0.08412243728829494,-0.35865445270979673
0.187134635038091,0.9017800824981056,0.4651251267966342,-1.379595054656848
0.14294541082368595,-0.2775734016933716,-1.0539789046424146,-0.69695720128882
-0.2725597040290077,0.4442241499823939,1.4801589892592688,1.1953680152129968
-1.2149703730001977,0.37982926990334626,-0.62453275952585,0.013112988564152698
-1.4910326934611122,0.9022038532443296,0.17235827380549984,0.5057750148922476
-1.333259311747184,-1.5773987962869975,0.6977583767930882,-0.059323845892940055
-0.4195584484493875,0.4863642009184934,-0.21875007524463325,-0.6337560858990787
1.308876869232006,0.36346454261331246,-0.19251309869010558,2.586527890661332
0.5298808658596281,-0.19478802764483014,0.5031280935361321,-1.0104556190837628
1.707732548703006,-0.5521182177200258,-0.04213204097885236,-1.5982982751536319
0.727013464108583,1.5505342086315699,-0.004463626442152278,0.5055760335543413
-0.5416937375498596,-1.205086230021977,0.6518833735241844,-1.1459747054991842
0.09704047322606543,-2.2300034519627077,0.17090907512753412,-1.2236982435714
-1.146019510069811,-0.1631694712146032,-0.09732921880584056,1.0601559464919224
0.012062409528215695,0.29194267181236555,-0.08620522213003008,-1.466191655470667
1.491263885841822,0.3699664665417988,-0.6304094756582321,-1.7197142476547371
0.1718477832283106,-0.35226708102585697,0.2234562325185545,1.3229252809440821
-0.2576009853853875,-0.5482023395738436,1.1688690788853118,0.42601521221128175
-0.10511679960072398,0.748901636890511,0.1939321582924808,-0.0867815367548182
-0.8599523202119429,-0.22000978376335603,-0.12711100332734018,0.47863064864138266
-2.2569882247781243,1.0185454380082022,0.3199135503852359,-1.9263314753734428
-0.855825624398416,-0.3433728166272417,1.0318459910974151,2.0366348746346823
2.19731256682984,-0.39524719776940176,1.7161701849454285,0.7355880248447028
0.5083702509859864,0.8691940742710711,-1.3075319825238507,-1.8339292405142908
-0.059436033971645506,0.8580464234189187,0.5808202005191492,-0.46759450150660686
0.75413125517616,-1.9451491396961873,-1.193600828055366,-1.4026596010571142
0.12057684223989114,-1.2435874412422403,0.5003795509581143,-1.6547134994664772
0.5228367733214948,-0.252564898536886,-1.0495334544851858,-0.4256904793378828
-0.5098399133967707,-0.23959478634558076,-0.729635271290457,-0.7080851675237556
-0.9324589008598819,-0.24310636600608632,0.8228802522817305,-0.5481938866335002
0.3774079886586461,0.9966147875018814,0.8452073238954849,0.9506193853406142
-0.30839438057117574,0.33016245801988736,1.2904003040469711,-0.8523749272475409
-1.049959945476235,0.82915988747934,-0.6960108086691389,0.9753002082682952
1.7080143052366794,-0.5192546667576141,-0.32550287820268536,-1.2572351697587745
1.2796006167963443,0.48163590272718015,-0.7193622347527411,1.589206201303779
0.20969869606468555,-0.9013432727444549,-0.40700935325537263,1.7011190915800918
1.7998849768356457,-1.1123487350921304,-0.5606124848276144,0.5554198094834003
0.40108395295622246,0.455076598393714,-0.48130746724563206,-1.0148154547014212
0.510526584511684,0.6458789420009798,-0.9366256067348789,-0.4278801950284653
-0.5800040378194515,1.5841173097417938,-1.589326827928961,-0.21965345868427927
-0.8310852448024302,-0.4897693098633158,1.8997273429528168,-1.1255168560215045
-1.201083611959441,0.8078842644530094,0.4062705580099857,-1.3462429656063595
0.514132100283917,-0.660521358008946,0.5391574557553162,0.23806236631544936
0.31970935819989454,0.3887699581471123,-0.23169013179056092,0.08517638093933738
1.7280163763404761,0.7619645901204697,-0.23250116858147715,0.6494944767147545
-0.5594012700417453,-0.0734619135043807,1.2641312356258416,-0.6355399557387733
-0.5198179511453846,-0.5438080044842107,0.5172819161273184,-0.836718369474403
-1.8559189481515848,1.033836947370576,0.34267670790691546,-0.6402733946983051
0.4326650119305168,-0.2730276012169395,-0.604390674035698,-0.85828320436117
0.47382185238338714,-1.0213279020864252,2.115606410095737,-0.5238789749328202
1.352860885383636,0.019888519604741754,-0.43453768550397565,-0.6084964488163289
-0.6985732188554807,-0.437156235312133,-0.017996970259162966,-0.12610312033658158
0.12366667559219087,0.49819631100107764,1.203962025313731,0.4201230931445362
-1.5701491122942246,-0.2616423533703347,-0.4297990487720498,0.17245207041620367
-1.5664731559461944,-1.9444328053121929,-1.5031195147064171,0.257599650082295
-0.42299633750862015,-0.1837016816472566,-0.9774706333179657,-1.1654411886587037
1.174567833244196,-1.743618880604402,-2.004319572843984,1.8913828086065965
-0.947856657523327,-1.260677197154803,0.2355586615196605,0.4065370370333946
1.3204378402440338,0.18321514174136436,-0.46907536915614045,-0.4404403102026867
-1.5266591903346172,-0.7487745954466679,-1.8936091138743794,-1.2967697567690386
1.0846321178412597,0.21766614657258734,0.8035087506941221,0.798381000659496
0.49196857485159345,0.45512049106529434,-0.1789057124801847,-0.3940519091496662
1.1331573175948906,-0.7293635571137972,-1.1183237014090226,1.1337576588074716
-0.9054107125518142,-1.3319344440906178,0.9061336940065827,0.14545371594049394
-0.23542194994836857,-0.19407847509209827,-0.634968267610855,1.239591963953267
-0.7364452203076599,-1.4250961690100838,-1.6681918541116822,0.6220754226246308
-0.6987343688916987,0.5285769334442383,-0.7579721538626075,-1.5090230868551946
0.19512919553563288,0.6303297246569853,-0.1028578434831606,0.36344430238307573
1.608550052206486,-1.1361043587513635,1.251531985286241,-0.759190431622411
-0.5373707889236978,-1.1776252446285154,0.9149694900817056,-0.38528162966965934
-1.6230130611830746,-1.4389589156408127,0.09177233432378513,-0.37696021242383193
2.060293404360759,0.03482985767541899,0.10323482943171096,0.4324928169893805
1.2718691183967097,-0.40864163626796474,1.9063078345848463,1.0561204385830945
1.098583404433644,0.025046601262924923,-2.5535632941918998,0.02290093099568537
-0.43950856921805,0.4600152634806905,-0.7439620907463442,-0.3992690967614366
0.7078915778012423,1.629845816530447,-0.09743488234271191,-1.6373960781318595
-0.3283612379730367,-1.770930523706096,0.8823639309517904,0.4459977341044789
1.1663419352047,0.6638396372116291,-2.730044611807965,0.48238485908572926
2.4196497358517672,0.38753983327478575,1.2115049118261478,1.1883986078207187
0.38366469396707237,-0.04696362385185607,-0.4205311166812991,0.4856977868011808
-0.5201491057863381,0.6743878401504924,-0.06760804024621549,0.5332416087086761
-0.187505415189771,1.5738631472684952,0.5132478933838295,0.5330658009729896
-0.4997492023888393,-0.07950061244412672,0.5148116014788695,1.134255002727399
0.8403259227801552,-2.0102715212804867,1.1411289615430729,-1.1276495167979437
0.7200394624007813,0.03564591077717039,1.3053752799398008,2.024311308641482
1.2134263211077172,-0.3234127045621641,-0.9755135133643513,0.26414730682694904
-0.3468933264814073,0.7573927202868841,1.8221457013404898,1.4485786904786606
0.9286674380924934,1.6045424749112738,1.2746583339865083,-0.9569012252115205
-0.36634309862601355,-1.2896105266125928,0.4066724531058373,0.3991269478557368
0.38092807916010696,0.9033586659599333,1.2589370610241297,-0.3516530222085727
1.4381900453032948,-1.2608065638202517,-0.33943991683155483,0.2925116752394588
0.4567686745247327,1.3250633506887504,1.0597376021965124,-0.6829021655536035
0.19502376250196313,1.0039579851128932,-1.520803801769539,-0.20661830620989022
1.163035639396055,-0.6440494813481514,0.36811965568164995,0.2106633211073945
1.7462389905392004,2.468734988122291,0.6392998005752317,-0.7174419406722775
-1.178224655664855,-0.3017508784868265,-0.020628778286444542,0.1976382490569452
0.19614304823107534,2.9529727529704615,-0.06857859267249349,0.11876029239625478
-0.23671624853433856,0.2830453598319222,-0.12297484390193876,-0.7989014088972617
-0.8245820588604382,-0.7076877902550587,1.210642559813439,0.712263545772901
-0.8199789719872483,-1.4415912674055515,-0.1460944249269341,1.4676574104730316
1.0862692911001695,-1.754217804417382,-0.1893819929624999,0.47827459525905835
0.15138602001334378,-1.1995844626228003,-0.4291273086033848,-1.141820129545074
-3.026381796757884,-0.3412026011998995,-0.41684155265727163,2.090029050465069
0.7958686127530926,0.06706307078907953,2.5320301778686924,1.9778726758780696
0.26804904729123674,0.2567362954139849,0.06017961335311495,-0.07242158974733787
-3.3169949014894655,-1.0559573601924785,-0.13073944372704221,-0.4134503845572209
0.6127699282189653,0.8248473924655055,0.7477573334263187,0.06287249828073445
0.8084768594885139,0.2595892744235153,0.37847065650315037,-0.27271781619879376
0.8166575469795567,2.256187951744438,1.203641587865286,-0.6773707993468747
-1.7491556802721429,2.0297629267790693,1.1170729925169063,0.17501892228576046
0.16534190514187672,-0.8462087128250694,-1.055266698734687,1.268894212902864
-1.249876205436893,-2.789998301376408,0.527226675940565,1.6550265906032593
-0.7613581343795927,-0.004903552294809831,-0.7500184112387536,0.28231611499323217
1.670733955942891,-1.0492012020821009,-0.24586035382187976,-0.924583356049272
-1.8693445297289206,1.1277351628389676,1.11274009364068,-0.6414684876735516
0.5840397786341851,0.21630529283663796,-0.6652726897552669,1.784815470443989
0.3989008196019512,1.37126357244913,1.4845276669212657,2.3658341554692086
-0.4658015201535331,-0.7011046582764147,0.8850463676359127,1.2259252900022608
-1.0279841516077486,-0.08322360807385286,-2.1114221088120213,-0.9723372554319337
-2.0657714544539543,0.6798846625757834,-1.2288738200275515,0.4601197187470842
0.42404660517596277,0.6019798274931736,-0.14033487324160593,0.6899639327053649
0.8579268123777638,-0.9937822068611576,-1.9248658047586948,0.3935962524020535
2.388444404790025,-0.7329059869758001,0.18517282380867767,-0.3874100674936986
-0.19795446062353225,-2.0062983507655434,0.7633963026424094,-1.6864542724152103
0.4319786394612916,0.11247179740304353,0.20294133372747444,-0.921359046133726
0.7760288774790544,-0.3256373520120086,-0.3698404056322134,-1.7601440733695732
0.3413597665715828,0.03299276436585953,0.5385512022895602,0.2774756358638685
-0.1801690920572392,0.4275342660457033,-1.0790369372610704,-0.44715828083567594
-0.40314458688602967,0.8198382084061244,1.3764071064169432,0.16335751610997506
0.052146846867868586,-0.8488243481806672,1.0960434094428193,0.46964603711155695
0.43244170749089156,-0.4907903848075412,0.5156204348615108,-0.5530077960523067
0.9317513567562391,1.314753500278155,0.7064577979114912,1.0638416671132938
0.05481943550886405,-0.015951486706047648,0.06480475795670874,0.7563246850844484
-0.48933604327213354,-1.018534557976795,0.6561994011481339,-0.9356870138212899
-0.19605993549841697,1.3791525882844184,-1.2663347980451598,0.743710893614688
-0.7762610759374189,-0.956409886536974,1.107983898751967,-2.032180447237042
-0.960398738868619,-1.512516386798015,0.49955799912041454,0.05701186804325391
-1.177914399734373,0.8363502795392969,-0.058242872376197234,-1.12638972300869
0.6952816088722243,0.05917016757621586,-1.1779250821625,1.319417060922582
0.4120514116070094,0.16240664120709752,1.2135275584064042,0.9268951833947746
-0.3699510502129066,0.7181240660496874,-0.1613326876831274,0.49822846166898066
-0.9057602706966658,0.1300938497730968,-0.12074146115273982,-0.5903816894866589
-0.6713806292371822,-0.5961701301949589,0.04009994211586265,-1.0963328670022938
-2.0455794174172532,0.002678668774941668,-1.0962173593089863,1.1816092490852805
-0.8391907133529302,0.6459932236159591,0.9946870348484383,-0.003056116115486708
-1.163361923752318,2.3372571239055286,0.8477358003012547,-0.32077805918962987
0.6070221066692282,0.7385726903081916,-0.3729089029772898,-1.3091793026462613
1.0570021487831935,-0.6396639567647117,-1.267749529665644,-0.22823419624998045
0.12555847044218174,-0.6771460478260019,-0.08321271517860404,-1.49656381884227
-0.6974810889642873,-0.49465598901777286,0.4659907228554753,-0.08406164304313989
-0.14534435947804505,1.1742872335160965,-0.5414140506238164,-0.37799153054682627
-2.213353534850845,-1.012043837955724,-0.21036438822689948,1.4748178083382364
1.1228316638466118,1.3370620071262718,1.5003084978755528,0.5036508392872632
-0.36650507991860604,-0.43340656325606103,-1.1659135338979754,1.5903118565477041
0.034285990939920165,0.5208271521515104,-1.378180588031612,-0.9530661420839719
-0.19249690219405222,-0.04176145241979973,-0.21527107654661887,-0.445189857099526
-0.2712758771424542,-0.13609276630060665,2.298032183422465,-0.23308053580437227
1.0270152258554364,-0.3511299591161624,1.1349675743827217,0.5874633756938983
-0.08354138208228183,-0.6789160915444349,0.329439214903704,0.35787045460404404
-0.48208946673030123,0.6120009062236474,0.6003317240039163,-0.23720210887086304
0.04716918821122537,-0.5038377555011493,-0.9043089261320291,0.0031726393923302504
-1.2438083425744324,-2.07536732483624,1.693908489137879,0.7848952054980373
1.1756640675036611,-1.13318584704928,-1.0260017245552335,1.6934649375851905
0.11243962918254859,0.10060025547619944,0.675337517531147,-1.1645485629088843
-0.2967466082376839,-0.1955364537401895,-2.0610250621598656,0.6343825475629815
0.2805241820689372,-0.08628832374032805,-0.0603443554453687,0.05564986506985203
-0.23082064947099531,-1.1623110922387048,0.1205898787940758,-1.5259338918582808
0.859958809773368,1.0565634402769597,-0.5099650918592786,-0.6047700585766873
-0.3864034353976617,0.14593888333926394,-0.3843773304011169,0.5307942544268324
-1.0589246326206763,1.6626499500793201,1.0753423509679398,0.0881041896522298
-0.17188526044702868,1.175506036371629,-2.0026632103172295,1.6226153834338117
0.4884563816815262,0.702977459922384,-1.677141526335472,0.9102294841727447
-0.5184935907968093,1.3506116901515335,-1.1752971216224726,2.2352943549967716
0.6914956059298015,0.35427673602018117,0.7473874590065152,0.614789487484006
-1.1767832090329917,-0.8041069656841566,0.8727355238768587,1.0471884385133914
-0.20919153266210316,-0.5826348270779959,0.9589979076059838,-0.2121060761932414
-0.5572710497335984,-0.998319097826009,-0.24627776381046623,-0.7426350592054365
0.4241993881584878,-0.6698291721570775,-0.6276878860150495,0.5697118918893761
0.2730755199213655,-1.3648271120674949,-0.8926253267091547,-0.5174902559167999
1.5309453780883573,0.9437814149126592,-0.0537854144999953,-0.8704872857264454
-1.195256938426442,0.40979219561554747,-0.1830459738010999,0.34115287126900856
-1.75941303411771,-0.350446015688956,0.5118600601886105,-0.7575890184549134
1.7383456969782993,1.730613197882193,1.1728237090974942,1.843223917379739
-0.5076163622439859,1.5013503548965377,-1.2193210604417377,0.43920713357575775
0.4167329241001862,0.6941017974374545,1.4408029670824687,1.240784661022424
-0.44238460344643576,0.26380026282280483,0.5996230543457824,0.20887239870357396
0.17931526422565927,-0.8068476421203039,-0.01052909302115874,2.0962609872757834
-0.2573842234941683,0.6643558926750608,0.7324853937599022,0.7905913037424321
-0.02739407566247949,-1.0922887083698765,-0.14074300689290026,1.508224799745289
-0.3691842806524495,0.3642313349064226,1.6029005639404155,-0.6869993582469326
-0.9907043719145774,-0.4177838229813598,0.6021965150874058,2.0483285117983203
2.7908206979974115,-3.300810762742922,0.32708276317736745,0.410320096440432
-1.2659230781642405,-1.3940883572567166,2.0368599599520314,0.9915899290684891
-0.8975401370399246,0.16216607743777933,1.2952553748931663,0.7857124646374095
-2.4688689748327906,-0.25685690837709607,0.5988985906411375,1.0937788606848247
-0.06631024911894338,-0.5552269144769747,-0.08845042099579595,1.2843064805392155
1.0736961172350032,0.9317414587045073,-0.09824513392272512,-0.9504310094340328
1.4182225385873792,0.26811381524614236,-1.189761654798504,-1.3250615765656768
0.12540070768811096,2.1256240005530875,1.101051625348439,0.36869874679624304
0.5225686201274596,0.6049653301352216,-0.8381741612785362,-0.7623953703443441
-0.05534406485779903,-0.23970560779648745,-0.17009909148117894,-0.4638235655812749
-0.4040167761558558,-0.5080686572202084,0.10232858567501553,0.028231583631657432
-1.527039927761551,0.2566455972879228,-0.9605940755691943,-1.7696817783322747
-0.18995809696595292,-0.029209728173122177,0.3035016779332785,-1.5139695505360364
0.0791229530211095,0.5409527431558395,0.42700117602687465,1.7116471670142288
-0.6437211786568187,-0.3017806348064768,-0.11982534217773443,-0.6416987757102321
-0.6865992020048043,0.06305859384537343,0.153861562161525,0.15801374309804309
-1.8626848840237051,-0.26169003214510556,1.825357237869963,0.13433543018996483
-0.8087989165592883,0.886150690489924,-1.1363298004878422,-0.3025284234952728
-0.2558829027872995,0.3412720569050098,-0.42858662670933,-0.016578346686161018
1.5470973578449232,-0.0747855794695491,1.5745779617043794,1.167474863247855
0.844657121300269,-0.6344111810953476,-0.6202745068341724,0.3049642162186162
0.40463149969280204,-0.698810862838636,-0.8214107062189363,2.4314579966976746
0.4758195532602713,-1.9838432108896524,0.06454207801221912,0.14520501283647191
1.8792610284921667,1.1687929021941248,-1.8146697459633754,-2.0151837579257017
0.4759562281987243,0.8279088297755851,-0.6120220786519306,0.8122952033252663
-0.6724553192799979,0.005639219527930046,0.14165960461856536,0.10959283985080646
-0.10139855171770976,-0.24922033088639445,-0.5823608378652941,-2.154055347813265
0.6038186876078643,-0.5071674828355615,-0.038312622690903374,1.1881539387193205
0.2922178289491689,-0.9086053820768044,-0.8728747462180666,-1.1164604519823915
-0.6603067422750823,0.2272911867288882,-1.4031479688013198,-0.4089626217920916
0.0962544502415054,-0.6107345084863022,-0.7218514894842135,0.7994028539200477
0.8519750140635272,-0.4580190681274266,0.7032196444975662,-0.6843307107495494
-0.17356563307715403,-1.5274530635848087,-0.16536527603495446,-0.2943863915163749
0.08999949560008007,1.4933485013238808,-0.22951231046467702,-1.90597556021487
0.4077095148673429,0.5254280835398413,0.24737559186487018,-0.6744823984779593
-0.5216099843015495,-1.1955275600970958,0.14173186188607478,-0.2961820686580035
-0.7272240003453603,-0.2892522186934721,2.5502681528249664,2.095701167724105
0.8385626978689976,0.9120059992085695,-1.1312869553667402,1.016364775267533
0.2739328524319784,-0.9655806517145172,1.4431952728402277,-0.37174633541484847
1.1157367168797803,0.6611172954392771,0.42332161085370074,-1.1097664843096353
1.1863858147490924,1.4839561200102491,1.1130467984372328,-0.8950144073402616
-1.1774125508350022,0.3695838104947438,-0.8503263098599152,-1.0655848323264943
0.6044438882644455,-0.8886019913602328,0.8481669543063282,0.000547242678399233
1.324526063726747,-0.3419513470912073,-0.8125165342255564,-0.5639674328392855
-0.37479576545685445,-0.10738200998270316,-0.10895199726949227,1.1310703704508718
-1.2263177990000385,-1.914348294524444,-2.178625900891259,-0.8882333227935304
0.48556303876565227,-0.42150887066181797,-0.5649290387622644,-0.6813184010868233
1.4900478144110192,-0.960044220787915,0.5441635404250802,1.1878091568545277
-2.0526978689992625,0.7588240742474837,-0.3499867884062528,1.4725921839543377
-0.01905926222125488,1.6531466574496296,-1.3147970473661343,0.7642238833926175
-0.44912944370107744,1.926849109280509,1.7669208234165574,-1.4295027516388046
1.82314530778441,-1.523849476606564,0.28081823581676923,0.017035231397870627
1.899691896465012,0.4164668076749046,0.040395011608414334,1.8404088758511652
-0.6035143740518042,-1.2893893453700773,0.31873472108189854,-1.4112906237908776
0.4714338897676426,-2.0601606219994197,-0.0490119237343007,-1.7273735338391663
-0.11901788403359294,-0.43368524680105847,-0.7935540359857839,0.9648961462285492
-0.17033894377534026,-0.5881306535383363,-1.8494050604115595,-0.8404015794226072
1.0791241194661345,0.9800904122739317,-0.43367472571233495,1.0866304906102837
-0.3621050633050856,-0.8719166696729638,-0.6469032744908573,-0.46196982167944467
-1.199450709655018,-1.0334270729404382,-0.18399461973589964,-1.4970752548251374
1.0810945595525092,0.17289308917845594,1.3698758600426,0.4855737174206988
1.4934598770124214,0.5817249735587646,-0.609583915088061,0.6658471394235738
-0.6961224178893978,-0.3897893180897964,0.6312722599488211,-1.5697242982751007
0.5259938899245855,0.19499573271938198,-1.461344529391629,1.5167921400508635
-0.533887790820472,-1.1297289345473518,-0.05681092071976741,-0.5517966212121825
0.10792378818099685,-1.341206810332605,-0.5261146474822023,-0.03505412376152261
1.5024115439969798,-1.1992355880972252,0.3130798688109153,-0.44763990762121925
-0.683819115223119,-1.4160879842567295,-1.6093493228465066,-1.6655946279719738
0.34414132772803496,0.45588827566285955,1.7348293729811946,-1.5450091498829783
-1.2234648723866595,0.7031806545576238,-1.5451821633431466,0.10072152780220497
-0.019931339011612825,1.9213277214863618,-0.26176654880154177,1.1603605433350814
-0.6264748842967853,0.2141970593813566,0.5538873090983969,-0.28354120331323807
-1.1763092628751635,0.37516906294599994,0.09159538137140376,-0.12381588246149842
-2.1430114378802325,-0.3071102249156234,-0.004959650473903426,-1.348664430808962
1.9006014476042468,0.5363365155759815,2.291800457113151,0.11380843115651773
0.10887108659504229,1.5460309920029023,-0.17996109764979557,-0.12703046316044314
-0.10510252244650352,0.2543797251009262,-1.2611258172725603,0.9407918202035578
-0.07546745063571697,-0.900511625276569,1.6170651177350968,0.34332119558125374
2.9132627941112443,-0.5357036136888504,-1.1215809496852938,-0.699867296014846
-0.04746207612535196,-1.6365681447289913,1.4763182172005385,2.118572437483996
-0.09462995282052723,-1.641028718083753,0.1460358837309737,0.08967258920824893
-0.625514845328325,-0.5563844217503928,-1.6322918599063856,1.5509547918043933
0.3981687711201084,-1.0761413075506643,-0.3586814503496145,-1.3340973198393438
-1.5278135427455535,-1.0406056024047439,-1.381544084970843,-0.8081922818760183
-0.24875145372167912,-1.4417930945332915,-1.4024077366700163,1.3742136348022749
-1.9736654269912546,0.09292835632995536,-0.46211846511331495,-0.6381526119803793
-0.21427792127563644,-0.47555435835734167,1.2744786319737489,0.6389081715175317
-1.7886824186713264,0.18703413248072961,0.4292689589554652,0.9621472615014233
0.5437560063392045,1.9102416691906012,-0.9542158338845955,-0.12502724709521743
0.2596318416410212,1.530206740151235,0.4231744107787072,1.0708210300266572
-0.07049845726322082,-0.5789615937758728,-0.4036615151921998,0.0616193641214726
0.8032477966086151,-0.3520250201545225,0.022387383972342596,0.5533819981055119
0.06865968950401191,0.007539067550753467,-0.8023331902675973,0.834513103448779
0.13248920059053096,-0.7361916521565588,1.3883727669500494,1.1264813263927098
-0.7022616070872396,-0.19030243853934298,0.7159516104876076,1.1696479186631525
-1.2390691913606626,1.4219243915107376,-0.9558500983670712,-1.4552456666020739
-0.44929765549828526,-1.094063775966527,-0.14409302213736802,-0.6918053190408446
-0.6840996293686268,-0.5448257702878485,0.9297203586941301,1.0732525481209418
0.7078406706999012,0.7768964141457686,-0.013627468786485115,-1.1732827092034768
0.4931211384151871,1.6599464839014655,-0.4514953926880946,1.0838867825266107
-1.6819547416096507,-0.5308401794815314,0.12160366845209004,-2.751314284032784
-0.2141618503469906,-0.8664322050234853,-0.5267063643530757,0.6821271852341015
0.17080896956290637,0.6930344011088505,0.305709724091878,-0.3365643662685803
-0.036617339839373916,0.11128956829937128,-0.8115251208577121,0.5173944014156621
-1.0732960186226117,-0.1553465187174632,0.42037315650019397,1.621841967610905
-2.1828312328485073,-0.7584412450693668,0.7716604696972144,-0.6250572916626104
0.12749160981597454,0.03999869644992791,-0.48733119013818743,0.7263670632848946
-0.6754858737829186,-0.36841681084524674,-0.6019505268244585,-1.0942098340928585
-1.6960920112432336,-1.341386803348429,1.5310791835918525,0.37601486875119156
-0.4073692023715248,-0.6284229769599493,-0.04472022807783211,-1.2612563993808321
-0.6968576577110555,-0.905497199670869,0.9473587381305891,0.4126744598318845
0.8784018064701181,-0.06653478222951206,0.17874197731198727,-0.8564579511440776
0.6613443669448676,-0.585927381279589,0.3094660730706115,0.1479630904217683
-1.3345908670705704,1.754483801660414,0.6242203236462566,0.48340753217013144
-0.9281810590506867,1.8799417023078142,-1.6372717654310514,0.02725490980838398
-0.022207356905962206,-0.380763482021553,0.05790633051976132,-1.5264659307082242
-0.4517623983887284,-1.3508316189044072,1.4978362248027586,-0.12423726450293326
-0.1545567094111826,0.028301547519615628,0.09612583702606442,-0.051445821005336394
-0.3049512310599843,0.23739377428244232,0.16257175586920683,0.5410319438623493
-0.3473222721538408,-2.3248677642021778,-0.11750920809577013,1.6945785138963325
-0.6027230815797143,-0.29730762511044184,0.3543304727354785,0.22243736270285797
-0.4233837414413707,1.694654322251337,-2.0466629912670733,0.8824913575186645
0.10731195956049293,-0.3166916981987316,1.7750216363702491,-0.0912388163318488
1.0376003479928206,-0.33076738387607457,1.4092298481071968,2.477383000124784
0.921114850854329,-0.015158182748489431,1.1343418682153967,0.9609846553828209
0.20401055680999236,0.7356806868732637,0.21931161399116308,-1.62291363977567
1.7056805543303364,-0.8354722547468876,1.094687701759054,-1.452497653300079
-0.794460290334198,0.0042333464164693154,-2.2267014273434023,0.04158823937024672
-1.5067415030801468,-0.7762095515015381,0.266805510931441,0.5963188038775822
1.6644344935921862,0.33272591498381826,0.5128172386029192,1.060842841072843
-0.20685809384644974,-0.23694961057317307,1.8740430633090017,1.2600738465932702
-2.3068172188657083,-0.47658155365122257,-1.2840070569302486,-0.3497441387984786
-0.3243877808299071,-1.4786565005370016,-1.1815293365210826,-0.0035657012945421213
-0.850094053048169,0.8305681060556771,-0.2913918938545547,0.3980199364102986
-1.8639041959988698,-1.6610841445543962,-1.3382085278749307,-0.5384619686472069
-0.22169013993352443,0.15843486121626968,1.3363639937791134,-0.8222730951020315
1.0555098794381814,-0.907867378698798,1.835383251183903,-0.7412285259050548
-1.656458177691571,1.0873126347563706,0.5819034690476301,-0.9735373715976879
-1.190127882061382,0.9864382949952141,-2.166941604321825,0.5964784963442934
-0.23143988832063897,-1.4698194955379886,-0.06844844016980232,0.24402302065921014
0.6739454783248078,0.4285257666469271,0.8383253657231975,-0.026932708525172145
-1.2290945011316436,-1.1132426023988915,0.20448113814341853,-0.4666951871440424
1.0035300381847816,1.2818165731249258,-0.6940563977689846,1.078588879304042
1.4167300973225327,-1.7139591850871863,0.8377097799705239,1.188506556068965
0.6085711265759212,0.4106623513293071,-1.4293862046438752,-0.28360301483540856
-1.056380741626352,1.1328950252200884,0.30582022858038294,-0.14877173414096023
-0.6842296470076207,-0.25792515959117057,0.1895242751115987,-0.629885407033835
1.2354756816347043,-0.48751842594962075,0.5841473565109059,0.6642268908677552
1.2641152301211072,-0.4766710324889571,-0.39185614350013465,-1.291979080273089
-0.2558346000209685,1.9295812419540828,-0.44110027462630597,0.8645750090628047
-0.8636123017130696,-0.09580819702205882,-0.20505313052411578,-0.14589304702227873
0.19181914765490954,0.692175810743616,-1.8260303264570883,-0.5976454146465903
-0.48488944548103025,-0.4148552202408283,0.13997038923277863,-0.20497963217510748
-0.21107915690019097,-1.3793905028122582,-0.3921465576281215,2.180267743291522
-0.0551252041751851,2.0637066763670706,0.23539822678604025,-1.5658827784423746
0.4913306694768804,-0.18233858408514816,-1.5066128719630072,-0.44727208232083576
-0.8012864862233903,-0.6148735354941889,-1.4817740621457924,-2.0544024037184396
1.8726130579188733,-0.2602473746223567,0.03076512419508447,0.28865920539619055
-0.4676087266753143,0.752924677209974,-0.3453558370809679,0.5993040377907839
-1.4972284210765925,-1.2962305877088511,0.19988916254978986,0.9167005671346277
-1.3526814624736774,-1.3982954792741846,-0.06027752950830965,0.5384207725984604
-0.31041780020861615,-0.7548950708444724,0.6788771265780986,-0.8750259800273256
0.7025161886494774,-1.1256385557228847,-0.7572306240217938,-0.2435294677462931
-1.173781622931359,0.9207165021467639,-0.9232473449838885,1.0091581180593567
-1.2716013024942827,0.22742372546157438,1.285222371509823,0.8309537594585722
0.30677801233443813,0.555024496172807,-0.4215429503687309,0.2663526240633475
1.2991267594582527,0.4757698292597336,-2.4052634649749502,-1.237052016676793
-0.4720764570938298,0.8172662514544562,-0.11256006915195088,0.8606493202438996
0.0005939461374250793,0.03729138401191098,-0.19851655886712816,-0.688450919343898
-0.6416518698348438,0.11175279944574264,0.20179289078175802,0.19814866805204945
0.05144014680568024,0.22241328678777506,-0.673648039034573,-0.9303322770290425
-0.12141285350245609,-0.25094635532380843,0.3672460799109358,0.15337485527378064
0.845417349184677,0.2051458516001161,-0.778102742349476,-0.32534480411015
0.9404299769397529,1.6908234415208478,1.891791002559284,-0.4694011736881847
1.4971126302830935,-0.3046131173580153,0.8276283701277195,0.963960691885254
-0.49989169736149686,-0.8012896532110527,-0.40310475791923533,0.10875575476176969
-0.7206052046357124,0.03594327564442108,1.0585752597315041,-0.4965046455637518
-1.3723493060809018,-2.0075776564319585,-0.7376661933482067,1.3104794606989565
-1.9745658350408732,0.9193493178656108,-0.35848533207167727,0.8977063911047426
-0.5338638541629016,0.25588282190680284,0.6766615624684699,1.2631561786655625
-1.5743302741078458,0.43485422318404193,0.39445398703411216,0.0523105937325017
-0.9224222563380268,0.9879398001566706,-0.501926990934788,-0.2403818927620101
-1.2984578884396636,-1.3041247583487225,-0.25314000424967037,0.5559230069516303
-0.26412934836009816,0.35965314263972403,-1.8438017062083547,-0.516892670512704
-0.1338084029022397,0.6739743353901421,-0.0669115583855723,1.9178072689930536
2.13352139848596,0.15076475203656645,0.38396296748386205,0.2842429161486881
0.4592805379159908,-0.06992527030818863,0.04475580587856592,0.30286774982682324
-0.29001789011695794,0.31981319560459004,0.3728104461890405,-0.06027794369212992
-0.49122909553696825,-1.5835081627308154,-0.9417144438615919,0.2325806706970736
0.07581549109246984,-0.2741729059165145,0.1283065494923178,-0.10821702679190692
-0.25839292856716795,-0.6520905530319423,-0.000662092791041208,1.2156403669687659
2.7770204005894312,0.7401597011105078,2.16526557349366,0.15784035922195588
1.5058958996631016,-0.6563406091197712,-0.5970426952997215,-1.0912887716923716
0.9541761655214369,-0.7105766715777475,-1.94934407572969,1.121500838536364
0.7435489487654228,-0.2354363870654856,0.5831430951067346,0.2685475953723661
-0.2532154330031559,-0.9339240812617201,0.269546178056429,-0.035099583101368584
0.8035266533308665,1.134139421789534,-1.6014056545842879,-0.2957877741835699
1.5493911438586594,-0.3816417034391317,0.3026181563278361,0.34457305670385974
-0.1824247709650769,-1.9011157262489955,-0.2764854551145707,-0.45251152574608133
-1.0849575726299696,-2.0577159130562985,0.2621003887531637,-0.8618087001437389
-1.126016309263783,0.6239402386610676,0.37342091488555756,-2.0157684057814125
-1.6034232165618079,0.19923439575143284,1.6027253387875016,0.12604784344160547
0.08042698891149537,0.41029100236573474,0.7613165632853269,1.1411679145280085
1.2874885813171901,-0.5650886920785354,-0.36550647919039303,-1.3636001685985304
0.7317146323112566,-0.30371826100164023,0.17548741723010916,-0.3124741649058411
0.19733595125331702,-0.5011228806830655,-1.0195795497348081,0.7295857506399887
0.2096917307222374,0.8831278720466228,-0.9252722676221816,1.2178597611939823
-0.37925547238870233,-0.5612856780233528,2.7883742870618664,1.66369164445532
0.362811442784234,0.7069948484700834,0.7148634644060088,2.6213096595691847
1.3622533706340212,2.8017669043214863,-1.6078366632897725,0.9544078445936925
0.7306802505773445,0.719715992924319,0.4705204888302036,1.6889438677923312
-1.833324976476085,-1.3178099578377442,-0.821788012070633,-0.05224319235342161
1.5238014735760381,0.7452514892905074,-1.2930025206665463,1.8821406633881361
0.416470707252282,1.4169926980629872,-0.19813928404850745,-1.1980670456756326
0.06429252924826788,0.2428616513714867,-0.00047266803964019725,1.445610643512134
0.3214632964361979,-0.8274684898383518,-0.9667828229347735,0.3438532680179918
0.8514731571079013,0.966686847090174,0.621353170304079,-0.9840590523531622
0.8159928207997709,1.1564196908035487,0.40996498413908833,0.3701984792125076
-0.5348382610881791,-1.0934829159762056,0.7655444625836106,0.1551181641137399
-0.8003903708346777,1.3753656301386188,1.3548973321417093,0.9311943621926506
-0.37321323130346706,1.6617845892637217,0.16671291779873063,0.9301014006668581
0.34184910897982035,-0.45059426691632654,1.6555568810853523,-1.5776796486567999
-0.684625769090567,-0.7194661220064908,1.158381956798982,-0.5539728221009809
-0.5169109097172883,-0.7415680595661802,0.14390644252970888,-0.7162799168589151
0.5254297573818643,1.962264989350959,1.7787814239481639,-1.2051241522956586
-1.1301594570064766,-1.9148041910303533,1.182785889260454,-0.45283734930329456
-0.36921514834911634,-1.1801745891989823,1.5491209429462656,-0.6339640805218633
0.34324829111872374,0.8538730491564606,0.23128159799336417,0.9991754437997652
-0.2692280037748961,-1.1473988896281788,-2.450399433005183,0.8048616466670051
-1.7397781681851272,-0.2762227255477417,-0.7274834128092001,1.138692474716507
-2.355093731124361,-0.17845347087600663,-1.1323916114986123,-0.906455373042839
1.6474530176371756,0.6486944963934838,1.6357420532652327,1.4713483633489521
2.2040076181990957,1.501957270415098,-0.18831398122533158,-0.7852863631462477
0.8523817615452023,0.5532964492272822,-0.3210406339849627,-0.8162373734076611
-0.6075548194051458,-3.205398101856018,-1.8141221351952055,0.052736490535837864
-1.4180740757681234,3.1267848147785835,0.3036150444909162,-1.3638944221495493
0.13203860698036687,-0.7396288715501511,1.4738654271561262,-0.0033473090185751216
1.4392168228131856,-0.48811939563912865,-1.9116387103285166,1.253696231491852
0.4068918170677322,-0.25506869939648413,0.8985815488737003,-1.0835665105631336
-1.0478902086963422,1.2502609688806905,-0.1985093835123159,-0.25038405618105214
